1	-0.169484	0.727797	0.002078	0.006578	0.789156	-0.831812	-1.162078	-0.131453	0.384281	0.179297	-0.524219	0.509188	-0.665516	0.744656	-0.328672	0.298234	-1.058266	-0.427859	-0.395422	1.416609	-1.303625	1.329406	0.097078	0.637781	0.725266	1.705625	-1.159797	0.393141	-0.21275	-0.197578	-0.605688	-1.156078	-0.916141	-1.038359	1.590641	1.680047	1.8605	-1.183531	1.394078	-1.732266	-0.955297	-0.078094	0.083109	-1.105406	-2.191641	-1.188328	-0.010734	1.027953	-1.561203	0.061859	1.068203	-1.334359	0.007281	1.908453	2.073781	1.767875	-0.753516	-1.769437	-0.811797	-0.132953	0.080625	2.307531	-0.477938	0.505422	0.703234	0.729828	-0.479	1.05025	2.193812	0.150484	0.781594	0.5745	-2.414094	1.479906	0.564484	-0.038734	-1.947297	-1.272266	0.094672	0.141844	-1.381984	-0.762953	-2.184219	-0.675219	-0.879094	-1.427391	-0.301063	-0.756234	1.080938	0.158734	-0.165109	-0.941281	-0.684359	-1.555531	-0.676578	-1.281547	-0.578828	-1.532062	-1.822344	0.288906	-0.435578	0.044656	1.385703	0.612063	0.180563	0.501984	0.193469	-0.212719	0.668156	2.326703	1.613734	1.790469	0.522109	0.933141	3.125984	-0.947703	-1.82025	-0.335484	0.472125	1.482594	-0.710359	1.398375	-0.390453	-0.537109	-0.896484	-0.326719	-0.385766	-1.339484	-0.150688	-0.929281	0.533219	-0.767484	-1.339016	-1.309531	-0.341203	0.304938	1.044719	-0.311891	2.864937	0.115063	0.270719	-0.606797	1.131891	1.578078	-0.081141	0.839109	2.65725	-0.296469	-0.473297	-0.49825	1.735078	0.143953	1.499453	1.189547	-1.107969	-0.090437	1.622094	0.105703	1.151141	-1.04175	1.251813	-0.135047	1.561422	-1.54725	0.914828	0.110109	0.500234	0.881234	-1.500578	-1.0075	1.282859	0.661438	1.000719	-1.153609	0.224625	0.067937	1.411891	0.299172	-1.312703	-0.812344	1.281078	-1.756812	-0.404031	-0.2825	-0.117859	2.598516	-0.635891	0.022969	-1.408234	-0.153781	1.155266	-0.571484	0.560109	0.102828	0.692688	0.682594	-0.525062	-0.133516	-0.569172	1.439672	0.865078	-0.327359	0.192641	-0.497766	-1.140406	0.180437	0.771734	-0.913297	0.598234	-1.909562	0.551703	-0.115625	1.644672	0.793641	-0.816906	0.087828	-0.280422	-0.813844	2.030797	0.359359	0.906578	-0.835625	0.658266	1.756297	-0.556375	0.108062	1.545406	-1.029453	2.432531	-0.434734	-0.937094	1.110859	1.143375	-0.386516	2.320656	-0.255281	-0.371141	0.513297	-1.2235	-0.880016	0.274172	-1.055703	-0.205391	0.976656	0.6945	0.656391	-1.004766	0.194656	0.603109	-0.470969	-0.485125	2.246859	0.722609	-0.952938	-0.004766	0.293391	-0.642812	-0.184469	0.890828	-2.147812	1.204672	-1.209	-0.250359	-0.416922	2.476062	-0.199766	2.132625	-0.543719	-1.224094	-0.028406	0.192875	-0.1855	1.939375	2.054656	0.346266	1.578953	-0.718594	-1.457078	0.617906	-0.717562	-0.309109	0.104453	0.073625	0.760297	-0.478266	1.072422	0.095203	-0.232172	-0.949172	1.140422	1.489469	2.187109	1.089594	-1.574391	-0.860969	0.531047	-0.630609	-0.747484	-0.118766	-0.738516
0	-0.215618	0.400327	-0.026655	-0.122164	0.175818	-1.002327	-1.358127	-0.410291	0.439964	0.314273	-0.589109	0.137309	-0.611436	0.988473	-0.601182	-0.2392	-1.1624	-0.370127	-0.424836	1.621636	-1.329145	1.238055	1.2108	0.860545	0.268873	2.322564	-0.6762	0.486564	-0.366964	-1.0076	-0.257418	-1.306145	-0.567873	-0.457855	1.276709	1.565109	1.837291	-0.270909	1.000091	-2.0968	-0.459036	-0.007055	-0.0656	-1.227909	-2.363291	-1.141709	-0.475109	1.023364	-1.233145	0.076873	1.158473	-1.503691	0.314455	1.895891	2.162182	1.650491	-0.458309	-2.364709	-0.324455	0.311836	-0.442927	1.953327	-0.868055	0.098927	0.889564	1.018055	-0.481636	1.415127	1.944818	0.541236	0.270764	0.361	-1.931309	1.6126	0.601909	-0.326836	-2.226491	-1.080182	0.431436	0.819927	-0.849545	-0.468255	-2.092073	-0.514309	-1.332909	-0.975527	0.343055	-0.685418	0.479382	0.470036	0.395455	-1.294727	-0.324418	-1.403727	-1.415382	-1.543964	-0.599782	-2.095382	-2.524055	0.314091	-0.493527	0.673036	1.027836	0.963291	0.092764	-0.150727	0.809291	-0.506164	0.867691	1.325018	1.878618	2.358255	1.600564	0.708127	2.469	-0.351109	-1.586273	-0.380436	0.741945	1.520855	-0.6948	1.537745	-0.626509	-0.495182	-0.787455	-0.255691	-0.522418	-1.062873	-0.021345	-0.386382	0.628927	-0.499782	-1.207727	-1.158109	-0.550655	0.1844	0.289564	-1.143273	2.772527	-0.582618	0.062655	-0.655164	0.923236	1.586673	0.329582	0.438855	2.864	0.079236	-0.470127	-0.5814	1.652036	0.302691	1.445273	0.695455	-1.199491	-0.580145	0.853909	0.124945	1.682691	-1.552673	0.975273	-0.344364	1.049236	-1.675836	1.002309	-0.213673	0.447636	1.031255	-1.079291	-0.604382	1.579055	0.142091	0.645273	-1.087236	0.638982	-0.246618	0.994891	0.374891	-0.891436	-0.357073	1.344818	-1.6398	-0.148673	0.173364	0.036527	2.031582	-1.0638	0.592691	-1.155764	-0.635636	1.208309	-0.059327	0.457291	0.763055	0.627582	0.032164	-0.504491	0.178073	-0.4086	0.901764	1.141509	0.490291	0.350455	-0.236673	-0.874	0.744273	0.7014	-1.1842	0.585236	-1.755636	0.506255	-0.570018	1.316327	0.031945	-0.580182	0.164836	-0.391036	-1.171691	2.106273	-0.245	1.107018	0.009509	1.220382	0.937455	-0.8004	0.071873	1.012109	-0.825909	2.372055	0.007345	-1.037309	0.796436	1.741436	-0.1418	2.0058	-0.428655	-0.854491	1.003091	-1.385127	-0.733764	-0.232745	-1.179473	-0.151782	1.214545	1.0312	-0.080873	-0.501764	0.549818	0.909182	-1.164327	0.169727	1.998527	1.134345	-0.016673	0.185509	0.776782	-0.236291	-0.525255	0.833473	-1.299255	0.806655	-1.798764	-0.142073	-0.427818	2.192273	-0.479255	2.006182	-0.8428	-1.108727	0.126418	0.215764	0.066327	2.428273	1.879545	0.067382	2.000109	-0.934836	-1.517709	0.537109	-1.185364	-0.572473	-0.075073	0.038545	0.366273	0.217255	1.639018	0.455782	-0.1306	-0.730564	0.176964	1.072927	1.470545	1.237836	-2.225491	-0.734291	0.532036	-0.567436	-0.232582	-0.021982	-0.869855
0	-0.195833	0.731717	-0.289267	0.50545	0.259133	-1.016917	-0.937467	-0.458683	0.361317	0.346033	-0.741933	0.076483	-0.682367	0.605417	-0.071983	-0.306467	-0.865783	-0.191533	-0.341133	0.778633	-1.398083	1.041217	0.263067	0.608967	0.469367	1.7607	-0.475967	0.155017	0.1683	-0.6238	-0.55555	-0.797233	-0.284467	-0.74845	1.358467	1.4955	1.380133	-0.992267	1.232833	-1.836983	-0.515767	0.131883	-0.197617	-0.9014	-2.606583	-1.315233	-0.163383	1.898267	-1.75825	0.620483	0.844283	-1.0791	-0.478867	2.0177	1.701533	1.532233	-0.447517	-1.806917	-0.517317	0.017367	-0.1116	1.919017	-0.4022	-0.176317	1.005267	0.564983	-0.646083	1.445767	2.02865	-0.230617	0.533483	0.464267	-1.811833	1.2208	0.473133	-0.36285	-2.103333	-1.663983	-0.408583	0.1479	-1.513817	-0.442533	-1.966217	-0.512467	-0.9593	-0.910967	-0.334317	-0.6622	0.582283	0.256683	0.287333	-1.090417	-0.203867	-1.656333	-1.239033	-1.599733	-0.611983	-1.419533	-1.903733	0.45495	-0.6316	0.305767	1.3933	0.81225	0.499867	0.312317	0.643933	-0.383533	0.77595	1.2833	1.450367	1.84415	1.551083	0.863783	3.088383	-0.27035	-1.926867	-0.023817	0.74935	1.5151	-0.840717	1.980167	-0.339617	-0.303	-0.96985	-0.4359	-0.81775	-1.286783	0.140533	-0.606217	0.80075	-0.478667	-1.541833	-1.035083	-0.72115	-0.203217	0.511433	-0.4573	2.982367	-0.0506	-0.073	-0.914667	1.013383	1.52505	0.094367	0.311433	2.392517	-0.533933	0.402817	-0.077483	1.7551	0.6238	1.306233	1.02155	-1.53155	-0.043183	1.434317	0.0462	1.161267	-1.359117	1.3315	-0.765117	0.872267	-1.98515	1.23215	-0.318417	0.86305	0.868133	-1.202883	-1.098317	1.290833	0.463817	1.239833	-0.998783	0.3389	-0.033567	1.222033	0.043583	-1.29795	-0.495967	1.41295	-0.795417	-0.332583	-0.13905	-0.268833	2.496017	-0.332517	0.770417	-1.0702	-0.507417	1.0044	-0.200417	0.699467	0.396167	0.331433	0.410433	-0.589333	0.018633	-0.42435	1.05865	1.099467	-0.046783	0.284433	-0.253367	-0.738783	0.587783	1.02045	-0.887317	-0.231383	-1.6505	0.585217	-0.121333	2.06415	0.438183	-0.49775	0.25335	-0.339183	-0.465367	1.787617	-0.1294	0.9785	-0.547667	0.927767	1.2899	-0.110367	0.57105	1.477667	-1.080133	2.35095	-0.360483	-1.400733	0.266183	1.440983	-0.69685	1.933483	-0.306167	-0.559267	0.739167	-0.91835	-1.012567	-0.294183	-1.295167	0.038917	0.57195	0.3259	0.21425	-0.844467	0.11945	0.993867	-0.932167	0.039333	2.12235	0.765933	-0.048933	0.051433	0.995683	-0.704733	0.363767	0.586783	-2.127767	0.794717	-1.242	-0.4515	-0.334567	2.261433	0.117433	1.79095	0.113417	-1.235617	0.3468	0.068933	0.378067	2.225583	2.104867	0.9789	1.9323	-1.362933	-1.363133	0.841483	-1.655467	-0.31465	0.335083	-0.259183	0.390217	-0.083917	1.106133	0.682667	-0.211783	-0.83465	0.173383	1.197417	1.383967	0.756033	-1.6133	-0.895733	0.29085	-0.426367	-0.620667	-0.299683	-0.683417
1	-0.232407	0.716797	0.169237	0.065949	0.592525	-1.023966	-0.761085	-0.20739	0.240102	-0.245203	-1.03061	-0.014153	-0.514966	0.381983	-0.650797	0.04778	-1.105542	-0.336847	-0.622542	1.464356	-0.566424	0.75322	0.666508	0.473729	0.194525	1.813729	-0.842169	0.439559	-0.241017	-1.278237	-0.873746	-0.556305	-1.138661	-0.356203	1.567254	1.834593	1.735017	-0.621932	1.00922	-1.847085	-0.971288	0.068458	-0.112966	-0.524254	-2.716661	-1.351542	-0.174424	1.98122	-1.136034	0.090593	0.844661	-1.38961	-0.593559	2.199186	1.572119	2.356153	-0.654441	-1.132508	-0.292119	0.295068	-0.581	2.194407	-0.985203	-0.051102	1.113915	0.681797	-0.481797	1.750153	1.717678	0.275017	0.554746	0.586763	-1.775525	1.444203	0.136644	-0.349169	-2.669831	-1.048475	0.603237	-0.348983	-1.567153	-1.093085	-1.784017	-0.87439	-1.083356	-1.086559	-0.13178	-0.608525	0.590525	0.580169	0.177305	-0.323153	0.053746	-1.065305	-1.277644	-1.061881	-0.307881	-1.492949	-1.622492	0.120373	-0.280966	1.279356	1.249254	0.788864	-0.364847	0.820644	0.843271	-0.106322	0.568186	1.479797	1.271661	2.240525	0.884695	0.459661	2.407763	-0.224847	-1.895305	-1.152475	0.027881	1.069373	-0.786559	2.02239	-1.087746	-0.624915	-0.797949	-0.739254	-0.683424	-0.696288	-0.129017	-0.571525	0.361153	-0.465051	-1.583712	-1.179915	-0.537475	-0.073288	0.802864	-0.899407	2.486678	-0.420847	0.442153	-1.015525	0.972932	1.412678	0.455424	0.120322	2.683271	-0.173814	-0.534271	-0.728475	1.177695	0.589254	0.779898	0.996424	-1.011136	-0.121814	0.95461	-0.131508	1.019153	-1.461898	1.057542	-0.008678	0.125373	-1.43878	0.714	-0.315983	-0.101153	0.874525	-1.599356	-1.185017	1.669712	0.046915	1.098712	-1.644271	0.338492	0.158983	0.925339	0.486797	-0.872475	-0.425492	1.21878	-1.28978	-0.603542	0.064085	-0.213508	2.406644	-0.777763	0.3	-1.577746	-0.830034	1.129864	-0.423695	0.116898	0.282102	0.671966	0.561949	-0.053271	0.103373	-0.394441	0.817746	0.886661	-0.299576	0.216051	-0.642322	-0.330169	0.719186	0.725034	-0.921017	-0.288678	-1.197441	-0.155949	0.043695	1.616475	0.84539	-0.708475	-0.101034	0.048441	-0.774458	1.673	-0.378322	1.497356	-0.280102	0.825983	1.518542	-0.322881	0.611153	1.212746	-1.03839	2.208068	-0.094458	-0.874525	0.804339	1.446746	-0.47322	1.942373	-0.301271	-0.992797	0.159729	-1.45878	-1.117881	-0.146458	-1.104322	0.358407	1.278119	0.171492	0.681475	-0.753322	0.214085	1.249424	-1.003356	-0.256305	1.871051	0.608559	-0.362797	0.268237	0.498576	-0.655	0.29822	0.27578	-1.801576	0.897763	-1.874678	-0.542424	-0.536559	1.949644	0.635797	1.594458	0.407525	-1.392661	-0.050017	0.38478	0.094119	2.226136	2.601576	0.471559	1.650492	-0.45278	-1.602559	0.727203	-1.498492	-0.689881	-0.083864	0.002593	0.263746	0.329475	1.120559	0.544186	-0.087678	-0.937542	0.779864	1.129949	2.351898	0.549017	-1.592153	-0.848305	0.929678	-0.736424	-0.705847	-0.299051	-1.160763
1	-0.171328	0.352845	-0.545224	-0.055103	0.251155	-0.909914	-1.232121	-0.340034	0.168224	0.261121	-0.027914	-0.348483	-0.854552	0.566948	-0.140172	0.189845	-1.475086	-0.31981	-0.385121	1.664707	-0.91181	1.09869	0.455172	0.745759	0.524621	2.519517	-0.783948	-0.018293	0.000483	-0.783552	-0.531707	-1.280948	-0.550397	-0.370621	1.656845	2.239603	1.896259	-0.652138	1.040034	-2.516293	-1.170845	-0.178931	0.196621	-1.424207	-2.179966	-1.656034	-0.625966	1.196103	-1.143586	-0.237345	0.888655	-1.114862	-0.116241	2.598121	1.878224	2.060362	-1.300724	-1.980793	0.345983	0.167621	-0.232069	2.195759	-0.85081	-0.295672	0.482	0.964879	0.17481	1.211983	1.786672	0.416776	0.317397	0.390776	-1.59769	1.3775	0.473724	-0.055569	-2.215448	-1.340983	0.701414	-0.070138	-0.954379	-0.275241	-2.341966	-0.605914	-0.99469	-1.14481	0.092534	-0.522138	0.164776	0.303448	-0.313017	-0.722483	-0.832207	-1.292052	-1.762052	-0.877552	-0.080328	-2.122638	-2.501207	0.370017	-0.729241	0.38619	0.977828	0.447845	0.087328	-0.274741	0.450103	-0.806207	0.569379	1.371328	1.545897	1.915586	0.603672	1.2395	2.598224	-0.75019	-1.915552	-0.099172	0.995569	1.709362	-0.47019	1.834586	-0.406241	-0.450086	-0.921483	-0.824914	-0.184586	-1.785034	0.663862	-0.981345	0.368397	-0.966	-1.064879	-0.903621	-0.751362	0.269293	0.467672	-0.40519	2.654603	0.087466	-0.146328	-0.761483	0.981897	1.406086	0.506207	-0.007379	2.757397	-0.118741	-0.111603	-0.801586	2.231431	0.037828	1.847483	0.852897	-0.907293	-0.589517	1.431241	0.013931	1.435655	-1.370638	1.479052	-0.266017	0.943534	-1.744466	1.13219	0.75331	0.434241	0.963362	-1.394121	-0.835621	1.823362	-0.019603	0.456914	-1.322379	0.377103	0.104069	1.250121	0.253052	-1.522776	-0.814103	1.33281	-1.646069	-0.175828	0.454672	-0.191569	2.219034	-0.190034	0.745431	-1.259879	-1.152293	1.098431	-0.09069	0.689707	0.635466	0.415914	0.648707	-0.567052	-0.318569	-0.467103	0.988172	1.156207	0.197121	0.267293	-0.730086	-0.814241	0.429086	0.620724	-0.924569	0.049466	-1.835431	0.234276	-0.801259	1.484448	0.585121	-0.6565	0.053328	-0.063759	-0.767276	1.873966	0.080172	0.751397	-0.239172	1.440345	2.070328	-0.936172	0.404741	1.073121	-1.004707	2.101776	-0.424276	-0.972207	0.7445	1.607397	-0.634138	2.172207	-0.60669	-0.445724	0.472362	-1.300793	-0.920845	-0.270414	-1.09031	-0.347293	1.172931	1.007397	0.355983	-0.703793	0.301086	0.854086	-1.02119	-0.2765	1.975397	1.101724	-0.14681	0.760655	0.479638	-0.934517	-0.117207	0.233086	-2.12081	0.754328	-1.785845	-0.813379	-0.624138	2.456586	-0.280483	1.59169	-0.275966	-1.565207	-0.29681	0.599897	-0.021086	2.370897	1.852224	0.356966	1.377621	-0.705328	-1.629	0.681552	-1.380328	-0.250552	0.433724	-0.339724	0.607724	-0.2755	1.094793	0.231897	-0.686966	-1.273707	0.506828	1.102017	1.675621	1.2935	-1.297362	-1.213724	0.301621	-0.681034	-0.051017	-0.039155	-1.381862
0	-0.204143	0.670921	-0.22781	0.483635	0.75773	-0.653159	-1.368032	-0.089873	0.205397	0.557063	-0.549524	-0.141841	-0.674746	0.743079	-0.289857	0.145206	-1.005952	-0.287048	-0.444492	1.122222	-1.251762	1.447651	0.335365	0.602032	0.301968	1.210079	-1.267794	-0.292619	0.608683	-0.647937	-0.946857	-1.11119	-0.374492	-1.025159	1.67554	1.963714	1.411857	-0.895	1.27	-1.772048	-0.503476	-0.300365	0.051127	-1.261556	-2.498095	-0.872571	-0.279794	1.613492	-1.183492	0.29027	0.760905	-1.04973	0.075302	1.642397	1.632698	1.741175	-0.723476	-1.410857	-0.561921	0.554635	-0.154222	1.956333	-0.814286	0.189905	1.207222	1.002921	-0.75519	1.380683	1.755587	0.321619	1.100825	0.408127	-1.738937	1.699937	0.831603	-0.319016	-2.31519	-1.567841	0.202873	0.162016	-1.455365	-1.010095	-2.104492	-0.72881	-0.631698	-1.34946	-0.251159	-0.860095	0.763365	0.58819	-0.040683	-0.853397	-0.185778	-1.570794	-0.871968	-1.866	-0.366921	-1.443857	-1.823905	0.095937	-0.25373	0.668095	1.297349	0.578444	0.360698	0.535984	0.474048	0.343952	0.62281	1.713444	1.435413	2.014238	0.627635	0.880825	2.966794	-0.192381	-1.749873	-0.952286	0.58746	1.726302	-1.04281	1.629651	-0.826079	-0.353127	-0.996333	-0.459635	-0.422603	-0.958746	-0.140127	-0.827254	0.683825	-0.42381	-1.819159	-1.053508	-0.630587	-0.141333	0.795095	-0.487397	2.287492	-0.689714	0.182492	-0.830127	1.108524	1.637825	-0.338048	0.350381	2.932841	-0.243127	-0.274429	-0.210778	1.703381	0.11646	1.789794	1.075429	-1.11281	0.236714	1.258508	-0.393667	0.827952	-1.568159	1.202016	-0.25827	1.059857	-1.841492	0.738444	0.296175	0.173746	0.573476	-1.785952	-0.897063	1.086857	0.149825	1.043429	-1.616714	0.462159	0.063048	0.767683	-0.11646	-1.27827	-0.11646	1.298825	-1.421937	-0.339667	0.095952	-0.056476	2.112492	-0.380603	0.27573	-1.701508	-0.111603	0.900175	-0.396921	-0.049794	0.684397	0.564063	0.564524	-1.025127	0.099397	-0.782984	0.773127	0.759683	-0.218921	0.700206	-0.627937	-0.324508	0.410063	0.782635	-1.011111	-0.025143	-1.961016	0.487381	0.162175	1.90146	0.441857	-0.645873	0.283079	-0.714762	-0.937079	2.346952	-0.458683	0.689825	-0.224508	1.052365	1.911127	-0.464413	-0.123921	1.506841	-1.15327	1.925556	-0.577889	-1.00781	0.87227	1.490413	-0.393476	1.71919	-0.189159	-0.573111	0.368	-1.535063	-1.053651	-0.118095	-1.022254	0.159873	0.873587	0.622159	0.757079	-0.85673	0.375048	0.668016	-1.278587	-0.421222	2.085841	0.838587	-0.644857	0.07873	0.302556	-0.390603	-0.212905	0.72773	-1.962095	1.000302	-1.754349	-0.224873	-0.671778	2.129079	-0.118889	1.713571	0.081302	-1.272651	0.672857	0.076286	0.162571	1.976254	2.201429	0.80381	1.695016	-0.77546	-1.307333	0.631206	-1.399619	-0.232587	0.001762	-0.218159	0.352683	0.123587	1.562889	0.263714	-0.486	-0.540397	0.748667	1.378746	1.747254	0.440905	-1.253508	-0.957841	0.496206	-0.292619	-0.23419	-0.660032	-1.018
0	-0.224656	-0.190148	-0.466246	0.285639	0.381984	-0.522328	-1.283803	-0.129262	0.819672	0.56041	-0.784	-0.048311	-0.966393	0.333426	-0.223426	0.113	-1.040803	-0.036623	-0.628	1.183918	-0.756738	1.509131	0.489148	0.437279	0.134082	1.591984	-0.94359	0.509869	-0.404033	-0.759607	-0.725754	-1.051098	-1.030131	-0.598574	0.978393	1.655295	1.606459	-0.459623	1.375393	-2.642295	-1.081607	-0.089148	0.417803	-0.71477	-2.531164	-0.949164	-0.334967	1.709951	-1.520541	0.337328	0.878934	-0.773787	-0.334443	2.101377	2.108869	1.778885	-1.13859	-1.530525	-0.294377	0.035639	-0.48818	2.696426	-0.868393	-0.039738	1.07977	1.180541	-0.576852	1.48177	1.612754	0.017705	0.620836	0.447279	-1.72959	1.15782	0.575656	-0.406246	-2.694295	-1.484131	-0.176852	0.433754	-1.213164	-0.022393	-2.631033	-1.125344	-0.848836	-0.991098	0.120852	-1.198672	0.571279	0.590705	0.680492	-0.730115	-0.480557	-1.037213	-1.206393	-1.16259	-0.26223	-1.021541	-1.618836	0.309689	-0.644754	0.512705	0.936082	0.492672	0.296	0.524918	0.462787	-0.255033	0.486328	1.826246	1.550295	1.728033	1.081803	0.751574	2.728197	-0.028689	-2.29618	-0.831557	0.699705	1.779049	-1.315967	1.356689	-0.846098	-0.920328	-0.767393	-0.488393	-0.543328	-1.196557	0.144754	-0.38218	1.295361	-0.457393	-1.437836	-0.983525	-0.628574	0.140803	0.346016	-0.761246	2.509836	-0.572098	0.060918	-0.700164	1.116918	1.145443	0.22959	-0.090197	2.533787	-0.442525	-0.050918	0.464738	1.960803	-0.392098	0.801525	0.548623	-0.843492	-0.262902	1.28359	0.212049	1.314689	-1.459639	0.84223	-0.046443	1.279738	-1.427049	1.442	0.310803	0.658115	1.207508	-1.177967	-0.87059	1.714393	0.390311	1.073787	-1.42459	0.299459	-0.442869	1.054574	0.189787	-1.569672	-0.699475	1.442836	-1.365	-0.447459	0.323459	-0.101918	2.779951	-0.55218	0.42918	-1.211492	-0.71577	1.012	0.028574	0.55282	0.329148	0.479492	0.351279	-0.771984	-0.246344	-0.19077	0.568508	1.023672	-0.374787	-0.592328	-0.418295	-0.973836	0.26159	0.563508	-0.736721	-0.083803	-1.936902	0.23818	-0.37177	1.841639	1.174852	-0.864475	-0.236148	0.237787	-0.971918	1.967787	0.244525	1.078213	-0.023557	0.490721	1.27823	-0.231918	0.269934	1.273787	-0.993689	1.801361	-0.149311	-1.31777	0.63723	1.434475	-0.39123	1.381311	0.172426	-0.381098	0.843639	-1.419328	-1.485574	-0.397934	-1.152066	-0.215344	0.284443	0.313295	-0.041869	-0.37818	0.376639	0.604131	-0.413328	-0.536492	2.026902	1.232459	-0.066656	0.503131	0.602508	-0.634508	0.177689	0.613426	-1.814984	0.37818	-1.558721	-0.322967	-0.307869	1.791344	0.029672	2.371787	0.029639	-1.04482	0.320279	0.262131	0.14359	1.996033	1.912885	0.43982	1.160049	-0.901098	-1.534508	1.084541	-0.596541	-0.807213	0.280393	-0.258836	0.81141	0.298361	0.722951	0.042492	-0.549148	-0.71541	0.125262	1.054098	1.430738	0.985377	-1.350705	-0.787361	0.888672	-0.304607	-0.446131	-0.39459	-1.21859
1	-0.172033	1.174557	0.256656	0.185754	0.475459	-0.904115	-0.447836	-0.011508	0.573541	-0.425508	-0.933934	0.321344	-0.972852	0.417557	-0.587934	0.132623	-1.120738	-0.26718	-0.829295	1.513328	-1.284541	1.125262	0.151852	0.421279	0.714934	1.233311	-1.082082	0.184295	-0.374066	-0.286803	-0.666525	-0.913984	-0.54782	-0.865197	1.505705	1.694	1.669475	-0.852279	1.296902	-1.619459	-0.882787	0.254148	-0.495361	-1.005803	-2.744082	-0.864836	-0.494295	1.266213	-1.352426	0.310049	0.577787	-0.669787	-0.338541	2.948475	1.432311	2.092016	-0.688213	-1.88923	-0.052656	-0.089361	-0.165951	2.569049	-0.779016	0.099885	1.194656	0.897066	-0.426213	2.004508	1.871885	-0.019672	0.624902	0.696459	-2.459918	1.487689	0.935	-0.168	-1.719525	-1.374295	0.159967	-0.773131	-1.854148	-1.050361	-2.113295	-0.936131	-1.117393	-1.298492	-0.26523	-0.957639	0.856377	0.255557	0.16818	-0.596656	-0.43459	-1.499197	-1.084803	-0.905279	-0.585541	-1.64923	-1.742426	-0.522803	-0.79041	0.312951	1.380459	0.338279	0.463902	0.542295	-0.002869	0.50318	0.575164	1.825656	1.521902	1.17759	0.725869	0.650574	2.927754	-0.93382	-1.90577	-0.23	-0.179131	1.837016	-1.391869	1.393885	-0.776934	-0.520246	-1.142607	-0.354492	-0.674328	-1.073	0.470934	-1.167246	0.867557	-0.397705	-1.874443	-1.384279	-0.668656	-0.65023	0.892525	-0.456754	2.617656	0.46218	-0.010623	-0.272328	1.424115	1.296689	-0.157492	0.663754	2.19882	-0.478033	-0.251049	-0.55523	1.218656	0.277656	1.497623	1.149836	-1.492377	-0.075623	1.548393	-0.281	0.982197	-1.684934	1.142164	0.295656	0.899328	-1.532393	0.739639	0.073557	0.471164	0.756098	-1.414787	-0.906492	1.090541	0.335131	1.57541	-1.228607	-0.396951	0.547918	0.974213	-0.124557	-1.399377	-0.066279	1.423262	-1.483918	-0.524803	0.170508	-0.172016	2.13918	-0.540246	0.025623	-1.598525	-0.695016	1.060869	-0.482377	0.870148	0.053131	0.717115	0.54677	-0.408754	-0.199508	0.268967	0.839213	0.529164	-0.125705	0.319115	-0.43541	-0.867082	0.491754	1.21477	-1.001475	0.036951	-1.583639	-0.009852	-0.203984	1.985197	0.821148	-0.58318	0.665508	-0.209623	-0.707803	1.703525	-0.039852	0.77377	-0.592656	1.019016	1.666639	-0.36582	0.610508	1.129656	-1.324738	2.130984	-0.222721	-0.997885	0.85077	1.097328	-0.367328	2.392557	0.228475	-0.461393	0.419279	-1.026967	-1.472672	-0.142492	-1.014213	-0.126098	0.838344	0.037164	1.139623	-1.48377	-0.253426	1.198262	-0.714967	-0.593344	1.953213	0.605016	-0.549951	-0.023164	0.459705	-1.184279	0.510082	0.839262	-1.935902	1.24218	-0.97777	-0.33659	-0.026557	2.248639	0.076049	1.624967	0.075311	-1.372115	0.351984	0.211984	0.085066	1.785984	2.439311	0.318934	1.136328	-0.890885	-1.231131	0.320787	-1.139787	-0.128656	-0.012738	-0.302049	0.255115	0.057967	1.191098	-0.040262	-0.277623	-1.306951	0.690557	1.356246	1.672492	0.659164	-1.524967	-0.537918	0.775279	-0.836164	-0.321377	-0.610967	-0.709213
0	-0.286161	0.569857	-0.301071	0.220464	-0.073839	-0.699607	-1.550161	-0.638911	-0.058589	0.837679	-0.17175	-0.176339	-0.432857	0.865	-0.864	-0.571625	-1.157179	0.433143	-0.113232	1.442911	-1.465089	0.899179	0.630554	0.738179	0.279107	1.934071	-0.620268	0.011107	-0.242625	-0.184232	-1.171714	-0.522375	-0.78	-0.702125	1.688732	1.561589	2.164518	-0.180268	1.221125	-1.577429	-0.618929	-0.072268	-0.016286	-0.640071	-2.199929	-1.611946	-0.244893	1.590982	-1.419911	0.176071	0.908964	-1.444911	-0.523661	2.156429	1.201875	1.910589	-0.594321	-1.005929	0.325018	-0.354161	-0.017214	1.558554	-0.788179	0.012804	1.025161	0.566607	-0.586518	1.518464	1.594089	0.426911	-0.046964	0.281554	-2.141536	1.248018	0.499071	-0.258804	-2.222839	-0.839554	0.284786	-0.021304	-1.448732	-1.098696	-1.759214	-0.96175	-1.04375	-1.390786	0.065732	-0.744196	0.042946	0.739482	-0.231232	-0.751679	-0.521821	-1.540179	-1.806357	-1.604071	-0.256268	-1.415911	-1.947071	-0.215429	-1.093982	0.673607	1.711339	0.385786	-0.192107	0.176286	0.969107	-1.01375	0.756786	1.256768	1.21075	2.447196	1.066625	0.800429	3.034982	-0.717089	-1.936964	-0.142982	0.746321	1.259982	-0.724536	1.973286	-0.437054	-0.634929	-0.420339	-1.099464	-0.784893	-1.769375	-0.406536	-0.965054	0.591464	-0.990857	-1.171964	-0.986429	-0.469089	0.411268	0.449393	-0.597232	2.537232	-0.616929	-0.044339	-0.916036	0.883214	1.357732	0.341036	0.499071	2.841696	-0.3415	-0.013125	-0.9755	1.629054	0.265607	1.676911	1.097214	-0.934339	-0.191929	0.827411	-0.492589	1.303768	-0.959679	1.28625	-0.3795	0.756161	-1.922661	1.001643	0.106321	-0.179214	1.156304	-1.141714	-0.876821	2.205518	-0.138571	1.157518	-1.843232	-0.269518	-0.251036	1.205286	-0.175804	-1.509804	-0.673893	1.439732	-1.437375	-0.224732	0.693768	-0.219464	2.4915	-0.450071	0.860339	-1.637893	-0.399107	1.042804	0.059107	0.680839	0.530554	0.677071	1.058196	-0.843286	-0.225375	-0.811821	1.117768	0.816	-0.368768	0.088357	-0.48725	-1.191429	0.709643	0.864232	-1.420625	-0.627661	-1.891839	0.312929	0.264339	1.771411	1.045357	-0.476839	-0.076607	-0.167946	-1.049232	1.821411	-0.065464	1.300018	0.012946	1.139375	1.125	-0.5705	0.395286	1.040518	-0.893929	2.030054	-0.383429	-0.985125	1.048911	1.422143	-0.759304	2.334107	-1.161232	-0.768804	0.717071	-1.583589	-0.757464	-0.280982	-1.398357	-0.041089	0.527964	0.545375	-0.051107	-0.497554	1.063054	1.189036	-0.787911	-0.54675	2.053714	1.148571	-0.431339	0.807714	0.495464	-0.890036	-0.029786	0.362821	-1.894786	0.328143	-2.062018	-0.6635	-0.654054	2.266839	0.291661	1.869786	-0.258143	-1.493589	-0.004732	-0.2415	-0.017554	2.533125	2.640214	-0.074536	1.300839	-1.590518	-1.619714	0.607321	-1.165054	-0.088607	-0.060429	-0.050411	0.911107	0.270964	1.600321	0.071768	0.453464	-0.758661	0.344536	0.793321	2.339375	1.322768	-1.421482	-0.524786	0.221196	-0.745089	-0.917589	-0.402696	-1.136286
1	-0.21413	0.380815	0.181074	0.273704	0.087963	-0.951463	-0.854759	-0.742963	0.268426	0.245167	-0.084852	-0.291907	-1.216407	0.099222	-0.237074	0.054889	-1.142315	0.515296	-0.163685	1.851556	-0.864074	1.189407	0.247463	0.647722	0.260241	2.023	-0.880796	-0.372852	-0.387241	-0.943722	-0.784685	-1.033519	-0.686481	-0.705093	0.88313	1.628889	2.224574	-0.816926	0.379778	-2.160222	-1.150259	0.307667	0.401611	-1.430204	-2.715556	-1.43837	-0.313685	1.701963	-1.256963	-0.222815	0.74537	-0.896111	-0.40763	1.882315	1.889093	1.826278	-1.160333	-1.405741	0.580481	-0.362685	-0.453574	1.933722	-0.545407	0.066981	1.156352	0.806296	-0.665537	1.234333	1.585519	0.724444	0.126278	0.170389	-1.82913	1.166963	0.291833	-0.349167	-2.953704	-1.634741	0.237648	-0.671963	-0.93987	-0.513352	-2.453148	-0.99237	-0.672167	-1.168	-0.228685	-0.613463	0.594796	0.420222	-0.731944	-0.644981	-0.800259	-1.149759	-1.870963	-1.255389	0.334056	-1.605722	-1.667593	-0.103796	-1.185778	0.452463	1.054667	0.472778	0.731389	0.233204	0.7935	-0.620981	0.908093	1.596648	1.053333	1.739463	1.407426	0.696315	2.926648	-0.745296	-1.918019	0.047296	0.926463	1.384722	-0.621259	1.960185	-0.821685	-0.505167	-1.001315	-0.967667	-0.396463	-1.158259	0.033315	-1.14287	0.401778	-0.335259	-1.515704	-1.291574	-0.288093	-0.086	0.793074	-0.767	2.453426	0.106	-0.526222	-1.13887	1.132167	1.538056	0.320019	0.362056	2.872759	-0.752981	0.22687	-0.719204	1.777019	0.197463	1.859611	1.011519	-0.733019	-0.601148	0.922259	-0.011593	0.928	-1.139759	1.624537	-0.227481	0.869944	-1.754463	1.530352	0.418481	-0.021463	0.937611	-1.141852	-0.998981	1.338352	-0.253111	1.012833	-1.372741	0.027296	0.021907	1.367667	-0.095	-1.703963	-0.83887	0.907444	-1.688222	-0.511481	0.263833	-0.327519	2.236278	-0.689907	0.317537	-1.896333	-0.536926	1.085093	0.014537	0.175759	0.019833	0.132667	0.582185	-0.075889	-0.235519	-0.282426	0.79487	1.066093	-0.140574	0.154444	-0.295944	-0.731111	0.609333	1.0705	-1.154741	-0.196037	-1.58963	0.399148	-0.405259	1.20013	0.507722	-0.527019	0.43087	0.127148	-1.097889	1.761741	-0.612741	0.873167	-0.16313	1.052574	2.023574	-0.838722	0.413537	1.086185	-1.242796	2.2155	-0.403815	-0.892667	0.665204	1.454537	-0.420259	1.896907	-1.220315	-0.250315	-0.043963	-1.042444	-0.806241	-0.209278	-0.98787	-0.124944	0.652259	1.065944	0.361444	-0.788907	0.247389	1.541278	-0.380333	-0.579111	1.453926	1.350556	-0.130241	0.442074	0.38	-0.486593	0.121685	0.454963	-2.475926	0.742444	-1.829815	-0.590833	-0.934722	2.475944	-0.074907	1.626111	-0.03113	-1.870278	0.279204	-0.380537	-0.500685	2.039389	2.311704	0.476815	1.45937	-1.102722	-1.324074	0.390241	-1.243556	-0.688444	0.092463	0.16537	1.016611	-0.573111	0.869333	0.785852	-0.184222	-0.918796	0.57013	1.322019	1.898704	1.372741	-1.283315	-0.861574	0.51863	-0.607222	-0.851463	0.118019	-0.532185
0	-0.267197	0.388016	0.468902	0.495164	0.466197	-0.182656	-1.227607	-0.321623	-0.038344	-0.182262	-0.883672	0.528115	-0.517197	0.815361	0.163607	-0.339098	-1.593721	-0.081721	-0.483262	1.575393	-1.536705	1.441754	0.104934	0.512705	-0.140131	2.06018	-1.20959	0.852721	-0.815525	-0.63318	-0.321639	-0.91041	-0.71077	-0.73841	1.696328	1.544525	1.781443	-1.348754	1.735525	-1.436902	-0.251607	0.418262	0.481721	-1.075639	-2.31318	-0.762803	-0.07141	1.263492	-1.419311	0.347689	1.08423	-1.23577	-0.359541	2.301869	1.663508	1.944279	-0.573344	-1.613033	-0.475393	-0.263754	-0.319049	2.032705	-0.169885	-0.237951	0.771738	0.752885	-1.710721	1.639311	1.609328	-0.285311	0.230754	0.218721	-2.324705	2.095934	-0.026852	-0.533787	-2.402361	-0.678115	0.596557	-0.064262	-1.718623	-0.640689	-1.287311	-0.384066	-0.830492	-1.455934	-0.095836	-1.277541	0.208377	0.340164	0.152459	-1.049033	-0.395066	-1.407295	-1.016	-1.760705	-0.433066	-1.523672	-2.183639	0.058607	-0.549754	1.200131	1.213672	1.05241	0.660164	0.736525	0.337705	0.283279	0.708213	1.451246	1.124492	1.611967	1.00118	0.607803	2.927787	-0.357443	-1.52577	-0.373393	0.766	1.300131	-0.90482	1.288852	-0.177607	-0.559557	-1.21441	-0.929541	-0.91559	-1.283541	0.131738	-0.721754	1.140934	-0.496689	-1.549295	-1.009262	-0.759639	0.368295	0.53023	-0.540049	2.354115	-0.614082	0.567656	-0.735885	1.685951	1.30559	0.812066	0.164738	2.916295	-0.557705	0.203607	-0.126984	1.491328	0.317311	2.168721	0.617639	-1.634148	0.75623	1.223852	-0.116131	1.304344	-1.365721	0.905836	-0.216705	0.971525	-1.281066	1.143082	-0.12877	0.13323	-0.018213	-1.270361	-0.823754	1.055098	0.003754	1.216918	-1.242016	0.67177	0.425607	1.211361	0.020705	-1.702361	-0.273967	1.778836	-1.737639	-0.336213	-0.026213	-0.336344	2.185934	-1.028	0.646869	-1.251656	-0.308328	1.372689	-0.862164	-0.248557	0.197508	0.791705	0.696705	-0.655148	0.047148	-0.748393	0.699098	0.854246	-0.118098	0.120033	-0.187115	-1.098115	0.512656	0.418754	-1.282508	-0.252066	-1.440082	0.019852	-0.593131	1.731721	0.740918	-1.235672	0.096984	-0.265459	-0.998148	1.763984	-0.254148	0.826066	0.042475	0.584115	1.74518	-0.249393	1.019574	1.601033	-1.78841	2.483082	-0.591262	-0.741328	0.677148	1.378689	-0.513131	1.959721	0.129066	-0.65641	-0.010115	-0.924311	-1.26523	-0.30777	-0.840508	-0.736607	1.061377	1.150951	0.345426	-0.942066	0.173	1.34577	-0.482951	-0.590852	2.327115	1.186098	-0.203164	0.304754	0.781246	-0.948541	0.107705	0.723311	-1.447295	1.216246	-1.750639	-0.527475	0.008607	1.656213	0.076754	1.730443	-0.860787	-0.541967	0.41377	0.371344	-0.452443	2.002426	2.612066	0.324902	1.217	-0.475443	-1.982902	0.268852	-1.019787	-0.074426	-0.20323	0.129541	-0.087377	-0.196361	1.53582	-0.179787	-0.450508	-0.995902	0.840607	1.419115	1.593426	0.583525	-2.17777	-0.195885	0.724885	-0.633639	-0.665967	-0.689541	-0.671295
0	-0.187787	0.951328	-0.029377	-0.073656	0.472656	-0.913754	-0.772885	-0.053869	0.222525	0.029885	-0.742328	0.267721	-0.554344	0.65341	-0.412131	0.18559	-1.129443	-0.202721	-0.322344	1.73023	-1.157902	1.169459	0.480148	0.628328	0.307295	1.475344	-1.104279	0.359393	-0.180033	-0.464344	-0.997508	-0.980098	-0.473492	-0.778115	1.380902	1.882443	1.853705	-0.729393	1.634279	-1.704934	-0.564295	0.397951	-0.015082	-1.047426	-2.42218	-0.943131	-0.286115	1.254934	-1.095918	0.530607	0.935082	-0.769016	0.044869	1.788574	1.891869	2.031082	-0.534033	-1.626377	-0.550262	0.034607	-0.355492	1.965443	-0.603016	0.274066	0.82382	0.867361	-0.617066	1.432738	1.777852	0.110525	0.395984	0.496738	-1.892721	1.868115	0.436984	-0.664	-2.312459	-1.351311	0.684738	-0.123115	-1.374803	-0.937115	-2.135754	-0.645328	-1.202525	-1.224525	-0.265705	-0.604426	0.852541	-0.064574	0.202852	-1.020426	-0.662426	-1.289016	-1.12923	-1.603344	-0.583508	-1.288656	-1.500246	-0.092689	-0.482098	1.068885	1.466295	0.805656	0.301754	0.329852	0.661279	0.243066	0.550787	1.514787	1.699967	1.930377	0.784623	0.672541	2.936033	-0.497361	-1.82682	-0.700131	0.191066	1.471557	-1.106475	1.645705	-0.946115	-0.547311	-1.080934	-0.139656	-0.706131	-0.848967	0.269197	-0.749689	0.591393	-0.603459	-1.519738	-0.945902	-0.503689	-0.127525	0.468951	-0.686721	2.631049	0.039902	0.308049	-0.527082	1.14777	1.593574	0.113738	0.378557	2.650115	-0.18441	-0.586656	-0.356344	1.153623	0.792328	1.297607	0.879459	-1.127148	-0.195197	1.184738	-0.101016	1.406967	-1.740639	0.814295	0.176426	1.052508	-1.531262	0.88177	0.389967	0.496246	0.523738	-1.684607	-0.714492	1.469934	0.668246	0.958672	-1.50182	0.268689	-0.124689	0.927607	0.177541	-1.314016	-0.427836	1.760705	-1.694721	-0.233984	0.134557	-0.221672	2.225016	-0.503803	0.300607	-1.355607	-0.101721	1.262164	-0.19977	0.258197	0.527836	0.52582	0.33559	-0.516328	-0.011738	-0.637492	0.724754	0.688311	-0.393541	0.65318	-0.609574	-0.52641	0.852656	0.897131	-1.150262	-0.042344	-1.750902	0.451541	-0.22641	1.972754	0.624295	-0.581607	0.309508	-0.367295	-0.480541	2.110738	-0.727525	0.682623	-0.202082	0.67641	1.558852	-0.547836	-0.075197	1.511164	-1.541607	2.290016	-0.262557	-0.800344	1.045098	1.636098	0.013984	1.641033	0.038361	-0.564984	0.496164	-0.830639	-0.845115	0.03259	-1.214951	0.019803	0.956967	0.756525	0.686984	-0.645033	0.155541	1.224115	-1.302918	-0.465148	1.771705	1.002311	-0.08477	0.293246	0.564246	-0.929426	-0.049475	0.686918	-1.911967	0.906082	-1.89141	-0.328213	-0.453951	2.035803	-0.14141	1.636689	-0.138541	-0.899852	0.31223	0.117623	-0.257607	1.866475	2.395754	0.241918	1.891033	-0.855754	-1.585311	0.515951	-1.197164	-0.356787	-0.11041	-0.012689	0.386902	-0.150016	1.598377	0.230705	-0.643311	-1.019525	0.475443	1.541836	1.698885	0.705344	-1.732754	-0.410311	0.715426	-0.84518	-0.408672	-0.412934	-0.968098
0	-0.198909	0.995018	0.103964	-0.093745	0.488255	-1.056436	-1.215618	0.258527	0.567255	0.661727	-0.9256	0.151673	-0.6106	0.648618	-0.218564	-0.194836	-1.147055	-0.263073	-0.499236	1.154418	-0.884545	0.853164	1.113618	0.073909	0.519364	1.665982	-1.015236	0.443	-0.114273	-0.514909	-0.520782	-0.940236	-0.438527	-0.896073	1.604545	1.679291	1.707255	-1.018945	1.582127	-1.981436	-0.781073	0.469273	0.187782	-0.927164	-2.431473	-1.327782	-0.602564	1.445945	-1.6342	0.150873	1.136636	-0.691636	0.066509	2.391	1.756091	1.798055	-0.444182	-1.888418	-0.348182	0.064545	-0.305436	2.188945	-1.134509	-0.237109	1.375255	1.029691	-0.736964	1.436709	1.882218	-0.274655	0.514491	0.582909	-1.926691	1.559018	0.316182	-0.330836	-2.456291	-1.332618	0.716182	0.620236	-1.432527	-0.928636	-2.196491	-0.140273	-0.857182	-1.345836	-0.473364	-0.989909	0.644309	0.950091	0.273255	-0.537036	-0.512055	-1.6128	-0.943455	-1.078564	-0.291745	-1.434655	-1.588255	0.229345	-0.324855	0.710491	1.490691	1.049	0.519909	0.550545	0.458982	-0.052764	0.362673	1.588091	1.0578	1.937091	1.476273	0.900055	2.874345	-0.577509	-1.999273	-0.970418	0.969618	1.682491	-0.644091	1.265855	-0.644709	-0.657818	-1.320291	-0.850527	-0.432564	-0.8888	0.3404	-1.108345	0.676327	-0.447436	-1.573	-1.039255	-0.683782	0.046564	0.638545	-0.443218	2.326364	-0.070109	0.014	-0.947109	0.772618	1.052236	0.115327	0.255018	2.468655	-0.502091	0.262236	-0.084509	1.705582	0.1448	1.527764	0.724891	-0.728836	-0.208564	1.0256	0.003255	1.392073	-1.549018	1.076418	-0.550273	0.811364	-1.4306	0.892	-0.188909	0.353273	1.324618	-1.923964	-0.789782	1.417327	0.247218	1.199491	-1.289709	0.366673	0.159745	0.755364	0.025818	-1.4856	-0.136927	1.477	-1.717891	-0.010327	0.143673	-0.211309	2.321691	-0.434727	0.089727	-1.711436	-0.360145	0.915364	-0.069582	0.364327	0.452455	1.116855	0.567109	-1.060945	-0.313582	-0.384455	0.590836	0.817564	0.0566	0.402436	-0.495182	-0.913545	0.801273	0.672873	-1.089309	0.236018	-1.516836	0.584073	-0.231473	1.425891	0.472691	-0.656291	0.216164	-0.026145	-0.522491	1.549964	-0.386364	0.690527	-0.4176	0.794582	1.836618	-0.165055	0.0456	1.055036	-0.984218	2.300964	-0.5692	-0.908582	0.781618	1.514273	-0.421182	1.981873	-0.602436	-0.454327	0.683891	-1.111891	-1.129455	0.261473	-0.922818	-0.389545	0.733564	0.079509	0.329982	-0.653291	0.443327	1.032927	-1.123527	-0.527036	1.688818	0.901909	-0.524945	0.372727	0.314836	-0.621091	0.124491	1.115764	-1.681364	0.781073	-1.575145	-0.610782	-0.354691	2.079455	-0.515291	1.978309	-0.302327	-1.226236	0.011745	-0.085691	0.234782	1.754382	1.730309	0.577764	1.302655	-0.992818	-1.906473	0.832218	-1.718855	-0.111255	0.254691	0.075545	0.3776	0.169273	1.2524	0.003382	-0.305618	-0.629764	0.895855	1.092182	1.380418	0.6742	-1.505473	-0.547727	0.770091	-0.506255	-0.128382	-0.879455	-0.785436
0	-0.21	0.859655	3.4e-05	0.423328	0.303845	-0.707276	-1.185759	-0.395103	0.577259	-0.068672	-0.382897	0.526552	-0.682983	0.824586	0.113121	-0.318155	-1.352276	-0.089517	-0.268966	1.104983	-1.071759	1.09781	0.365759	0.542948	0.522948	2.201776	-1.076603	0.442293	-1.047845	-0.358052	-0.237207	-0.729759	-0.622552	-0.515552	1.557431	1.70381	1.663759	-1.132345	1.168862	-1.780776	-0.762655	0.193621	0.164362	-1.199069	-2.38569	-1.062776	-0.398948	1.241103	-1.307931	0.257638	0.961845	-0.930121	-0.19419	2.093862	2.049672	1.717914	-0.684345	-1.850241	-0.290759	-0.032707	-0.350224	1.809345	-0.734534	-0.013534	1.065621	0.66969	-0.859172	1.584569	1.901	0.215483	0.365414	0.11369	-1.661259	2.080379	-0.012052	-0.42831	-2.335121	-1.08169	0.44331	-0.018103	-1.543362	-0.529759	-2.313983	-0.423241	-1.03931	-0.937379	-0.430483	-0.657172	0.771914	-0.170259	-0.235224	-1.117397	-0.810328	-1.555448	-1.057345	-1.571638	-0.74969	-1.664845	-1.969328	0.340086	-0.716172	0.952724	1.593362	0.771241	0.715621	0.785655	0.413534	0.072138	0.744155	1.415552	1.691879	1.833259	0.971672	1.004621	2.884155	-0.721655	-1.467845	-0.358862	0.849034	1.519103	-1.436362	1.372086	-0.251914	-0.559603	-0.994121	-0.45581	-0.790569	-1.084241	0.454586	-0.548293	0.833707	-0.771207	-1.463948	-1.466517	-0.65219	0.641776	0.580552	-0.683414	2.444879	-0.007845	0.497914	-0.663638	1.067276	1.671948	0.728603	0.355069	2.642966	-0.394483	0.043638	-0.07319	1.5115	0.425741	2.129897	0.703983	-1.385414	0.676345	1.27131	0.212517	1.34919	-1.533862	0.984103	-0.39831	0.887362	-1.664397	0.922172	0.266293	-0.033845	0.6645	-1.587759	-1.109845	1.005966	0.44769	1.039759	-1.076569	0.448155	0.247345	1.017379	0.184621	-1.123621	-0.518121	1.621914	-1.405172	-0.298724	-0.113638	-0.060052	2.585483	-1.060138	0.595897	-1.167966	-0.573586	1.610741	-0.170276	0.18669	0.4995	0.545	0.440362	-0.276034	0.07031	-0.560293	0.675034	0.723	0.067569	0.242086	-0.093517	-0.895638	0.662345	0.414293	-1.148655	0.288207	-1.301569	0.204672	-0.41819	1.442862	0.102431	-0.883431	0.032655	-0.53	-0.961172	1.786121	-0.22431	0.89019	-0.363897	1.261328	1.636828	-0.759983	0.532345	1.226793	-1.230241	2.131552	-0.657034	-0.953345	0.772138	1.441862	-0.124448	2.162741	-0.090379	-0.647966	0.582603	-0.681466	-1.20769	-0.147948	-0.579069	-0.467534	1.122862	0.829724	0.30031	-0.921862	0.388448	1.078724	-0.603431	-0.480086	1.958983	1.141621	-0.289948	0.174414	0.553345	-0.840414	-0.026569	0.758431	-1.891983	1.304431	-1.651741	-0.51081	-0.666448	2.0795	-0.352879	1.844672	-0.74219	-0.855552	0.008362	0.230897	0.016672	2.105983	2.486517	0.7315	1.262	-0.672121	-2.15731	0.638552	-1.255621	-0.062328	-0.461966	0.5235	0.357207	-0.185603	1.713362	0.107138	-0.437621	-0.655534	0.970897	1.316724	1.271397	0.761052	-1.715828	-0.120966	0.486328	-0.430621	0.008397	-0.306276	-1.089741
1	-0.230733	0.57595	-0.18045	-0.1172	0.4449	-0.8306	-0.989683	-0.058617	0.288483	0.272933	-0.950667	0.204367	-1.203783	0.945333	-0.717933	-0.0943	-0.634433	0.141883	-0.28155	1.5329	-1.251083	1.689817	0.609	0.091667	0.196617	1.024683	-0.774167	0.16315	-0.301117	-1.1198	-0.735983	-0.870683	-0.492217	-0.43895	0.8609	1.928267	1.2479	-1.0064	1.006333	-2.198633	-0.68555	-0.035367	-0.099283	-1.163683	-2.139983	-0.922933	-0.2921	1.610733	-1.297083	0.401167	0.494883	-0.551733	-0.718883	1.924433	1.9047	1.966317	-0.821033	-1.588683	-0.7319	0.60265	-0.64005	1.94295	-0.51545	0.041983	0.782217	0.7447	-0.5057	1.8286	2.14435	0.443667	0.9862	-0.298917	-1.510117	1.792283	0.5744	-0.470083	-2.731067	-0.97805	0.1762	0.33295	-1.4167	-0.604933	-2.2794	-0.743033	-0.37775	-0.84545	-0.058083	-0.5368	0.387283	0.900583	-0.100633	-0.721867	-0.406117	-1.440683	-0.90925	-1.09275	-0.408117	-1.628883	-1.2514	0.224283	-0.453983	1.033783	1.716817	0.558233	0.567333	0.985033	0.138983	0.347433	0.669733	0.82335	1.742967	1.8288	0.767483	0.854267	2.85165	0.253583	-1.607467	-1.091233	0.52615	1.755533	-1.55315	1.79215	-1.154933	-0.6128	-0.463883	-0.32945	-0.562683	-0.9067	0.308383	-0.56165	1.030867	-0.255417	-1.3276	-0.997617	-0.550217	-0.451983	0.328683	-0.567583	2.4552	-0.378617	-0.156967	-0.502617	0.909467	1.4336	0.720433	0.1687	2.753933	-0.499517	-0.166733	-0.022017	1.440583	0.18945	1.368617	0.80645	-0.981583	0.247033	1.341033	-0.071317	0.728467	-1.529483	1.331583	-0.340783	0.509	-1.972667	0.414417	-0.240983	0.634933	1.1365	-1.2888	-1.295317	0.9092	0.438317	1.14695	-1.487667	0.330183	-0.13005	1.152733	0.1503	-0.718533	0.183133	1.648017	-1.430233	-0.47305	0.683583	-0.215433	2.63565	-0.867467	0.033417	-1.1756	-0.524083	0.9485	0.1697	0.55865	0.061533	0.081033	0.112	-0.8872	-0.4245	-0.732117	0.578417	0.472517	0.268767	0.29995	-0.6864	-0.66185	0.466017	0.55865	-0.744167	-0.350217	-1.498583	0.127117	-0.249033	1.661517	0.725633	-0.41615	0.261533	0.331317	-0.40645	1.662867	-0.9401	1.38825	-0.249283	1.0058	1.534267	-0.348717	-0.103567	0.890033	-1.206283	1.802883	-0.540033	-0.83285	0.615383	1.67255	-0.272283	1.67845	0.01345	-0.779483	1.019033	-1.487817	-1.074967	-0.41935	-1.005633	-0.436067	0.934133	0.36085	0.266367	-0.697367	-0.53475	0.870817	-1.330283	0.045	1.650967	1.263117	0.260917	0.05985	0.773033	-0.748133	-0.2527	0.691683	-1.46465	1.005567	-1.6154	-0.553317	-0.501983	1.7991	-0.248483	1.4938	0.052317	-1.308767	0.351017	0.044283	0.261583	2.297283	2.468783	0.506233	1.719717	-1.205483	-1.608633	0.656283	-0.911483	-0.19725	-0.200883	0.225667	-0.22845	0.418683	1.526033	0.005683	-0.6583	-0.8504	0.456433	1.1848	2.127733	0.916817	-2.035833	-1.489267	0.716383	-0.614783	-0.608517	-0.734433	-1.012733
1	-0.281356	0.162458	0.292203	-0.126136	0.353237	-1.268559	-0.642051	-0.33339	0.218085	0.396508	-0.972864	0.090508	-0.884576	0.070169	-0.469949	-0.344203	-0.718186	0.285508	-0.181322	1.35622	-1.11422	1.520305	0.320271	0.516881	0.101661	2.012576	-0.135254	0.16478	-0.151034	-0.564576	-0.696441	-0.882559	-0.872949	-0.292458	1.296847	1.750593	1.334949	-0.688492	1.113831	-2.074492	-0.793746	-0.26722	0.17078	-0.841831	-2.164729	-1.32122	-0.062949	1.998373	-0.982898	0.075356	0.619542	-1.259339	-0.307136	2.235831	1.630915	1.670119	-0.636593	-1.028475	-0.717661	0.267424	-0.238322	2.285864	-0.744814	-0.160339	0.604475	0.254271	-0.78239	1.481814	2.265458	-0.141966	0.624119	0.384542	-1.759017	1.708847	0.454525	-0.604627	-2.534102	-0.889254	0.005203	-0.247153	-1.183915	-0.719593	-2.230898	-0.634102	-1.304915	-0.835169	-0.709559	-0.996949	0.352712	0.708559	-0.301203	-0.70378	-0.34378	-1.892271	-1.433729	-1.212763	-0.45522	-1.411271	-1.746475	0.325153	-0.523441	1.114508	1.51961	1.137915	0.171136	0.713847	1.087593	-0.065797	0.557271	1.013424	1.810983	1.461356	1.120593	1.011119	2.562492	-0.284186	-1.660966	-1.102424	0.38061	1.605136	-1.020169	1.764508	-0.536898	-0.750814	-1.307915	-0.424746	-0.906814	-1.092339	0.589881	-0.363847	0.73161	-0.674627	-1.539542	-1.430305	-0.870712	-0.199814	0.18622	-0.652186	2.269712	-0.562644	0.318458	-0.834881	0.437559	1.679898	0.499356	0.161153	2.462085	0.387814	-0.181525	0.041729	1.328627	0.240559	1.545254	0.873949	-0.843864	-0.28678	1.049356	0.453458	0.660814	-1.252153	0.559186	-0.492814	0.337153	-1.631695	0.812763	-0.413831	0.808593	0.829407	-1.132322	-0.518932	1.055847	0.582864	0.959119	-1.734254	0.63239	-0.247712	1.403746	0.519373	-1.175644	-0.333983	1.773051	-1.688305	-0.745542	0.328915	-0.282593	2.452729	-1.426322	0.274136	-1.338542	-0.624915	1.017695	0.045712	0.052695	0.42322	0.27761	0.685915	-0.289847	-0.468186	-0.371966	0.973339	0.752983	0.015746	0.325983	-0.796102	-0.789915	0.839983	0.621288	-0.772203	-0.147068	-1.387966	0.100169	-0.312661	1.648847	0.625153	-0.450322	0.179644	-0.362966	-0.604322	1.875034	-0.812864	1.32961	-0.344847	0.692475	1.116136	-0.377169	0.177712	0.976746	-1.008932	2.13739	-0.143814	-0.986186	0.878305	1.215203	-0.342593	1.833763	0.003034	-0.766424	0.384593	-1.397441	-1.106068	-0.425271	-1.26861	-0.192492	1.595153	0.747593	0.192797	-0.551898	0.231627	0.827237	-0.838407	-0.244407	1.528915	0.972763	-0.798797	0.314661	0.308356	-0.789576	-0.028576	0.473288	-1.297983	0.87222	-1.573017	-0.324508	-0.290966	1.660356	0.118322	1.901119	0.766508	-0.998576	0.02478	0.15239	0.118339	2.142881	2.195271	0.697644	1.596949	-0.350322	-1.695508	0.538407	-1.832814	-0.293305	-0.048508	0.022593	0.624492	-0.210017	1.32461	0.361814	-0.310559	-0.578322	0.888441	1.368814	1.954169	1.094203	-1.479441	-1.004576	0.740254	-0.570847	0.076559	-0.396576	-1.677407
1	-0.202197	0.234918	-0.013279	0.686672	0.239557	-0.809721	-1.18923	-0.153721	-0.054377	0.675344	-0.745066	-0.153852	-0.871131	0.633082	-0.113246	-0.142918	-1.152049	-0.223951	-0.21777	1.350787	-0.806311	0.947328	0.58477	0.607836	0.537082	1.905098	-0.824016	0.358787	-0.41441	-0.377852	-1.286574	-0.733082	-1.133344	-0.70123	1.168377	1.916902	2.196066	-1.022869	1.078098	-2.334934	-0.743131	-0.490262	0.025803	-1.171197	-2.066148	-1.348377	-0.223131	1.668377	-1.259393	-0.109279	1.177279	-0.488295	-0.092148	1.941328	1.641623	1.784279	-0.54959	-1.794508	-0.186	0.453934	-0.490443	1.663377	-0.46523	0.295426	1.092459	0.651754	-0.392656	1.37323	1.483672	0.484541	0.969689	0.135246	-1.665475	1.535426	0.423787	-0.284344	-2.543393	-1.338492	0.118803	0.213098	-1.169869	-0.804443	-2.052541	-0.700623	-1.10918	-1.310311	-0.250492	-0.604082	0.397148	0.422164	0.435164	-0.575902	-0.394508	-1.528508	-1.078131	-1.163967	-0.303246	-1.82882	-1.988984	-0.020049	-0.486934	0.579541	1.079	1.185754	0.183836	0.358607	0.516984	-0.143148	0.506574	1.674115	1.778852	1.803049	1.313262	1.209902	3.453131	-0.429328	-1.759279	-0.288082	0.588459	2.353459	-0.540066	2.126869	-1.324525	-0.866803	-0.786049	-0.318869	-0.750705	-0.683016	0.56223	-0.85723	-0.037475	-0.634656	-1.256869	-1.182836	-0.616344	0.33877	0.55523	-0.434213	2.665541	-0.195557	0.330377	-0.97418	0.910885	1.636393	0.503492	0.53359	2.709426	-0.745082	-0.130787	-0.705508	1.572377	0.291574	1.543115	1.383508	-0.638967	-0.177656	1.29859	-0.435443	1.436951	-1.615049	1.411459	-0.437459	1.172164	-1.855656	0.504885	-0.194016	0.363754	1.06277	-0.997475	-0.159902	0.964459	-0.018426	1.09023	-1.67241	0.252459	0.397852	1.260557	0.524705	-1.339639	-0.492492	0.828918	-1.241918	-0.203213	0.049262	-0.47482	1.965721	-0.721098	0.01623	-1.298443	0.047148	0.994164	-0.102623	0.353148	0.499328	0.439279	0.41541	-0.222918	0.080443	-0.565557	1.230066	0.673656	0.294656	0.718328	-0.992672	-0.92459	0.427295	0.924459	-0.830984	-0.293459	-2.25118	0.059836	0.046262	1.756443	0.649705	-0.784951	-0.19282	-0.065492	-0.726803	1.964377	-0.431246	1.147525	-0.030279	0.881902	1.877197	-0.602934	0.528246	1.446607	-1.012525	2.005213	-0.623607	-1.026016	0.719574	1.759213	-0.288475	2.105918	-0.415787	-0.437049	0.529393	-1.214016	-0.693295	0.198836	-1.239098	-0.431623	1.048279	0.731426	0.186557	-0.992902	0.608574	0.799082	-0.962295	-0.068508	1.58641	1.129623	0.18682	-0.208885	0.327328	-0.64518	-0.036639	0.725934	-1.645918	0.848607	-1.592705	-0.629066	-0.962426	1.941623	-0.036148	1.874934	0.132623	-1.528557	0.237803	-0.385951	-0.075459	2.246738	1.926738	0.852721	1.391541	-1.223672	-1.769951	0.139131	-1.624705	-1.038115	-0.067557	-0.327361	0.63677	-0.351115	1.026852	0.036525	-0.301967	-0.870115	0.39418	1.329967	1.611967	1.371803	-2.19859	-0.50882	0.882049	-0.320492	-0.508197	0.131295	-0.996492
0	-0.187246	0.490579	-0.269579	0.190456	0.506088	-1.403842	-1.013737	-0.112123	0.192702	0.266404	-0.998526	0.351579	-0.618561	1.134895	-0.414825	-0.278702	-1.34493	-0.45507	-0.692404	1.354316	-0.750982	1.099702	0.695579	0.220298	0.675684	1.493702	-0.811368	0.286982	0.007228	-0.506807	-0.754404	-0.886105	-0.815193	-0.327719	1.451193	1.907719	1.916211	-0.963579	1.379965	-1.924018	-0.860807	0.072719	-0.568579	-1.142456	-2.387895	-1.141333	-0.602877	1.210404	-1.479439	0.060947	0.828158	-1.178526	-0.419632	2.079053	1.838807	1.620982	-0.621421	-1.602018	-0.237263	0.38114	-0.414982	1.985123	-0.539246	0.55993	1.072596	0.887754	-0.850368	1.325333	2.453088	0.244807	1.071965	0.293667	-2.132632	1.860088	0.33593	-0.249702	-1.934632	-1.043158	0.372684	0.202825	-1.591965	-0.772281	-1.989544	-0.462702	-0.717789	-1.302298	-0.10686	-0.503018	0.930491	0.322105	0.599509	-0.897	-0.444	-1.268386	-1.041807	-1.167316	-0.786123	-1.488439	-1.867877	0.332561	-0.726842	0.824105	1.209175	0.346088	0.486825	0.475491	0.914421	-0.172825	0.836298	1.507035	1.744895	1.817947	0.728526	1.036	2.934351	-0.391193	-1.585404	-0.373667	0.622719	1.59507	-1.076702	1.362561	-0.415333	-0.850789	-0.869737	-0.287211	-0.344982	-0.970825	0.482439	-1.00407	0.918544	-0.998263	-1.746561	-1.027491	-0.626544	-0.027667	0.666614	-0.382351	2.419193	-0.258316	0.236737	-0.78114	1.229035	1.154175	0.069175	0.218491	2.543895	-0.227895	-0.277404	-0.493789	1.616053	0.335912	1.541	0.637965	-1.270439	-0.252719	1.438912	-0.272561	0.885088	-1.290263	1.207421	-0.805351	1.012684	-1.381193	1.082614	-0.067439	0.347509	1.308211	-1.290754	-1.097754	0.828105	0.403456	0.937632	-1.22786	0.08214	0.175228	0.998632	-0.270404	-1.008825	-0.567	1.283579	-1.574614	-0.289263	0.107877	-0.460702	2.526281	-0.743596	0.407965	-0.95714	0.034895	1.071018	-0.366386	0.749105	0.414386	0.33593	0.777211	-0.564404	-0.029702	-0.253456	0.775	0.738474	-0.094965	-0.032667	-0.682526	-0.687421	0.851351	1.178702	-1.012737	-0.154912	-1.544333	0.623439	0.029754	1.603842	0.226035	-0.441772	0.295316	-0.195351	-0.234123	1.773105	-0.355544	1.484193	-0.215632	1.013702	1.437211	-0.29786	0.801281	1.259158	-1.38286	2.497877	-0.506351	-0.988421	0.93707	1.729982	-0.768772	1.723912	-0.587439	-0.655702	0.521754	-1.514474	-1.157193	0.059614	-1.451456	-0.462737	0.856614	0.352772	0.135579	-0.813526	0.319684	0.983982	-0.561404	-0.216737	1.643684	0.87307	-0.197281	0.087544	0.640456	-0.909526	-0.106947	0.89193	-1.785544	0.776509	-1.316772	-0.341333	-0.347579	2.401035	-0.450579	1.517825	-0.105333	-1.240263	0.052561	0.138123	-0.044982	1.821649	2.429912	0.737965	1.679579	-1.156982	-1.755807	0.459825	-1.140123	-0.045632	-0.05914	-0.336491	0.465298	-0.213368	1.819105	0.172263	-0.338491	-0.557719	0.722281	1.295263	1.999351	0.757439	-1.902947	-0.999035	0.988474	-0.354333	-0.440175	-0.077702	-1.089947
1	-0.242233	0.9557	0.052917	0.401033	0.555617	-0.750233	-1.098583	0.025467	0.027667	0.418033	-0.98115	0.15985	-0.723667	0.617133	-0.562533	-0.058867	-0.933817	-0.36905	-0.4694	1.507133	-0.945617	1.4509	0.741367	0.65375	0.468183	1.618867	-0.8643	0.38505	0.03345	-0.611717	-1.162517	-0.921267	-0.427567	-0.35115	1.2785	2.203383	1.403767	-0.991767	1.059817	-1.791967	-0.791583	-0.152667	-0.642583	-1.119433	-1.848267	-0.98255	-0.069133	1.595517	-1.287833	-0.088867	0.901817	-0.426183	-0.2228	2.1271	1.744283	1.889667	-0.994417	-1.699983	-0.4476	0.542283	-0.507083	2.15605	-0.780967	-0.07665	0.810683	0.954133	-0.184583	1.748917	2.031183	0.46145	0.966283	0.326017	-1.868267	1.379833	0.87165	-0.427583	-2.224533	-1.226017	-0.017033	0.3724	-1.24015	-0.679133	-2.257983	-0.596767	-0.843217	-0.9662	-0.304467	-0.527133	0.565217	0.420483	0.667367	-0.6818	-0.51275	-1.811483	-1.188767	-1.209617	-0.286233	-1.283517	-1.813167	0.1626	-0.188433	1.000883	1.62555	0.641083	0.228967	0.432783	0.686517	0.64615	0.72685	1.25655	1.8171	1.574567	0.89475	1.007283	2.826383	-0.275117	-1.741783	-1.154317	0.5429	1.931817	-1.3693	1.371533	-0.6048	-0.655583	-0.5323	-0.5613	-1.1847	-0.96845	0.629267	-0.4548	0.640167	-0.644717	-1.549683	-0.77835	-0.784183	0.08725	0.389367	-0.54675	2.877233	-0.625467	-0.0539	-0.75885	1.099833	1.633383	0.359833	0.195783	2.75995	-0.370517	-0.5406	-0.199867	1.390367	0.176917	1.50025	1.156217	-1.279933	-0.136467	1.3538	-0.045083	1.186783	-1.432233	1.115983	-0.739767	0.703717	-1.56155	0.729417	0.330967	0.288383	1.059233	-1.144117	-1.071017	1.157867	0.683133	1.249733	-1.4561	0.482633	-0.390967	1.2484	0.3519	-0.7778	-0.246217	1.300417	-1.876167	-0.370633	-0.05125	0.065583	2.747383	-0.58825	0.063633	-1.499233	-0.412433	0.701167	0.16345	0.8111	0.608417	0.096317	0.107	-0.828917	-0.229717	-0.450483	1.1028	0.847617	0.095933	0.73355	-0.785467	-0.512833	0.8553	0.418517	-0.643417	0.086667	-1.787933	0.262417	-0.237183	1.50105	0.575383	0.008133	0.309883	-0.148433	-0.623283	1.903467	-0.3973	1.80065	-0.357933	1.27465	1.021417	-0.591283	-0.057617	1.403167	-1.025	1.28565	-0.68645	-0.701533	0.5474	1.5643	-0.3363	2.136233	-0.072617	-0.7502	0.8319	-1.396433	-0.702333	0.139817	-1.45275	0.1215	1.117533	0.516933	0.10965	-0.5001	0.189067	0.5004	-1.14465	-0.132633	1.5944	1.11525	-0.339317	-0.069683	0.153733	-0.92595	-0.189067	0.878017	-1.7679	0.677783	-1.281817	-0.417383	-0.834117	1.839467	-0.51315	1.906883	0.446233	-1.15645	0.558533	-0.567717	0.57395	1.756517	2.0326	0.863467	1.663583	-1.122383	-1.251467	0.679217	-1.474867	-0.482333	-0.229217	-0.319967	0.500983	0.021883	1.435783	0.130717	-0.444967	-0.8213	0.720433	1.223217	1.773017	1.02945	-1.361567	-1.196467	0.40175	-0.560383	0.0728	-0.436567	-1.154917
1	-0.213672	0.486638	-0.033655	0.157328	0.636621	-0.979466	-0.92531	-0.690052	0.243672	0.290172	-0.743534	0.291948	-0.659379	0.251862	-0.737259	0.0105	-0.851483	-0.057931	-0.493397	1.324724	-0.742259	1.403621	0.487379	0.541052	0.074793	2.072862	-0.768276	0.248259	-0.472828	-1.00469	-0.108586	-1.106034	-0.838207	-0.953707	1.064948	1.743397	1.795017	-0.487724	1.017034	-1.668569	-0.573862	0.075586	0.182414	-0.767897	-2.776741	-1.187672	-0.051172	1.473397	-1.094052	0.561466	0.828655	-1.366569	0.372397	1.806241	1.874707	1.498259	-1.046914	-1.226828	-0.054672	-0.085466	0.072621	1.938466	-0.255897	0.150121	0.976034	0.824397	-1.264466	1.248603	1.353655	0.280241	-0.151966	0.486224	-1.942828	1.510172	0.634845	-0.293172	-2.627655	-1.302862	-0.227	-0.274052	-1.040793	-0.993121	-2.158328	-0.977362	-1.523655	-1.205879	-0.013707	-1.074552	0.255052	0.347707	0.058345	-0.531466	0.267983	-1.144569	-1.2945	-1.36069	-0.054466	-1.270776	-2.217414	-0.375638	-0.668741	0.824224	1.544638	0.928069	0.430362	0.651103	0.261	-0.300103	0.505552	1.726517	1.491948	1.835276	0.900983	0.597431	2.726586	-0.477724	-1.832655	-0.150586	0.615379	1.4305	-0.786879	2.140724	-0.367931	-0.726534	-0.585448	-0.594621	-0.695224	-0.966552	-0.20581	-0.228	0.832655	-0.406414	-1.788017	-1.393276	-0.068121	-0.015552	0.245155	-0.786276	2.446638	0.314448	0.261569	-0.984086	0.728724	1.157948	0.66119	0.15631	2.835776	-0.508569	0.013759	-0.3645	1.679086	0.328862	1.696017	0.995621	-1.156862	-0.6205	1.261672	-0.067603	1.145828	-1.792914	0.93069	-0.073948	0.723483	-1.527793	1.085379	-0.2735	0.183621	0.972776	-1.038586	-0.823672	1.036276	0.040862	1.3535	-1.752586	0.294741	-0.02219	1.213103	0.237121	-1.503586	-0.426552	1.475966	-1.514776	-0.2865	-0.377293	-0.290155	2.5105	-0.866862	0.511397	-1.696414	-0.982586	1.48081	0.065103	0.414345	0.226966	0.278741	0.299466	0.066293	-0.172517	-0.570414	1.011466	0.941966	-0.4235	-0.252621	-0.417328	-0.589121	0.313552	0.919069	-1.221966	-0.086655	-1.732707	0.565276	-0.77331	1.663034	0.235724	-1.432862	0.176603	-0.166414	-0.854345	1.852879	-0.075466	0.809431	-0.506034	1.034293	1.846879	-0.916569	0.748103	1.324534	-1.133603	2.197431	-0.054	-1.168483	0.717897	1.333276	-0.553345	2.306552	0.062276	-0.206517	0.321362	-1.51781	-0.754828	-0.216569	-1.330517	0.212448	1.149621	0.8015	0.737103	-0.99331	0.178121	1.346034	-0.969397	-0.627552	1.477948	0.890086	-0.298121	0.408828	0.397776	-0.274397	0.427586	0.742862	-1.942621	0.655379	-2.02931	-0.018207	-0.685172	1.856483	0.262759	2.519328	-0.426017	-1.239897	0.446914	-0.173776	-0.090914	2.073534	2.675414	-0.004328	1.587672	-0.724241	-1.31069	-0.101034	-1.079948	-0.240897	0.131017	-0.262224	0.808552	-0.095483	1.204759	0.533052	-0.277345	-0.639483	0.695966	1.217103	2.114328	0.6435	-1.587448	-0.728759	1.091362	-0.249621	-0.801483	-0.023983	-1.22631
